id;nome;descricao;cpf_ou_cnpj;email;telefone;endereco;cidade;estado
1;searchingly;whose vastly;isogloss besides;Ronaldo_Schneider@gmail.com;circa that;skeletal elated;football however;ga
2;along than;spin shrimp;ahXXXXXXXXX;Roy.Bruen@yahoo.com;assist;pro;ugh;ex
3;grill;aha along conditioner;petty latte worn;Amina_Ondricka-Davis@gmail.com;both lawmaker ha;almost spotless or;drawl;fl
4;tight trace;briskly brightly keyboard;atop parkXX;Norberto55@gmail.com;shrilly;moral unless;if;lo
5;amplify;understudy through oof;starXXXXXXX;Hipolito_Sawayn@gmail.com;diligent gee;before enrollment gah;yet dilution gratify;re
6;victoriously spiteful;embalm sterilise beneath;poorly howX;Jonas.Morar@gmail.com;boo;sympathetically;railroad until aged;fu
7;woot doing;derive now circa;now pace female;Declan76@hotmail.com;before when blah;whereas;whether woot geez;pi
8;what;wisely ew crusade;corny cooked;Rosalia.Windler@yahoo.com;slow;promptly wherever;compassionate;by
9;because lovely;lumber;gahXXXXXXXX;Daisy46@gmail.com;fantastic contain;unless;pathway an;bl
10;offensively overindulge;past oof ack;before potential;Sheldon31@gmail.com;concerning above;rehospitalisation paw;greedily;wo
