nome;descricao;sala
6a7bd879-fa6a-418c-b03b-22e0aebc3581;rigidly absolute upstage;that
12aab456-625d-46ad-a69d-764ca0297f99;institution oof beside;blank negative solidly
70e0c39e-f605-4033-b0d4-9c5fb31d02b4;how stepdaughter;inside aha
2138e83f-3d9b-43f7-9d81-3239a4ecd49f;duh;mild
8b631f41-a863-463c-bff4-fa054c65ce84;blah dictator meh;what cheery tango
f66aa0a9-3cdb-4e45-9581-1e7d8de23044;anenst hmph curiously;gah
db5be25a-2491-41e0-8350-46998ea65e65;bore;beyond
1e886127-b2c3-4d31-9fb7-cb132bf10a56;symptom;stench different
d557c726-5a92-4c03-adc4-e3067090489e;beneath;whenever pummel
14a179c8-b914-4283-8c46-2dac598f5abb;generate suspiciously;about
