id;usuario;nome;cpf;email;ativo;endereco;municipio;uf
1;consequently;eek infantile;whichXXXXXX;Adrienne15@gmail.com;true;lest judgementally sans;condescend swell deficient;po
2;sadly vigorous;common;betweenXXXX;Patsy_Jast60@yahoo.com;true;inquisitively;defiant;si
3;postfix arch-rival calmly;whoa censure hassle;howXXXXXXXX;Newton.Ullrich91@gmail.com;true;neatly short kindheartedly;uncertainty;sw
4;crazy besides retail;devote spicy lest;ew sour essential;Juanita.Lind@gmail.com;false;incarnate zowie acquisition;tippex;hy
5;anenst equivalent;sentimentalise hinge;billboardXX;Colleen_Spinka@hotmail.com;false;if;trigger for;ex
6;lively past ack;through lest communist;ewXXXXXXXXX;Marlee.King91@gmail.com;false;quickly;before;ga
7;via disappoint;calmly;phewXXXXXXX;Lavonne.Prosacco57@gmail.com;false;likewise;who;mi
8;firm;third;presageXXXX;Elyse.Bauch@gmail.com;true;because;furthermore biodegradable envelop;be
9;excitedly times warmly;gleefully;whether cheater;Kris_Koch@gmail.com;false;apropos provided because;ack;co
10;than sprinkles;where blindly;orXXXXXXXXX;Reed92@gmail.com;true;meanwhile up;phew and round;wh
